駅,メーカー,チーム
霞ケ関,富士通,巨人
内幸町,富士通,中日ドラゴンズ
新橋,Apple,中日
霞ヶ関,ＮＥＣ,ヤクルト
HIBIYA,panasonic,巨人
Kasumigaseki,Windows/Mac,ジャイアンツ
内幸町,Apple,中日ドラゴンズ
霞ケ関,富士通,オリックス
霞ヶ関,富士通,ソフトバンク
新橋,ＴＯＳＨＩＢＡ,Hanshin
霞ケ関,パナソニック,ヤクルトスワローズ
霞ヶ関駅,Apple,ヤクルト
内幸町,富士通,中日
霞ヶ関（千代田線）,Panasonic,東京ヤクルトスワローズ
霞ヶ関,Apple,ヤクルト
霞ヶ関（千代田線）,ＮＥＣ,阪神タイガース
霞が関,Windows/Mac,巨人
霞ヶ関（千代田線）,パナソニック,中日
内幸町,パナソニック,阪神タイガース
内幸町駅,apple,西武ライオンズ
Kasumigaseki,panasonic,楽天
新橋,パナソニック,ヤクルトスワローズ
新橋駅,東芝,巨人
内幸町,パナソニック,中日ドラゴンズ
霞ヶ関駅,富士通,ヤクルトスワローズ
新橋,東芝,東京ヤクルトスワローズ
霞ヶ関,Apple,西武ライオンズ
内幸町,panasonic,中日ドラゴンズ
霞ケ関,パナソニック,巨人
内幸町,Windows/Mac,ソフトバンク
内幸町,ＮＥＣ,Yomiuri Giants
日比谷線・霞ケ関,Panasonic,中日ドラゴンズ
霞ケ関,panasonic,東京ヤクルトスワローズ
HIBIYA,Windows/Mac,巨人
霞ヶ関,東芝,中日ドラゴンズ
霞ケ関,Apple,中日ドラゴンズ
霞ヶ関,富士通,阪神タイガース
霞ヶ関（千代田線）,パナソニック,楽天
霞が関,apple,中日ドラゴンズ
Kasumigaseki,Apple,オリックス・バファローズ
霞ヶ関,富士通,阪神タイガース
霞ヶ関,apple,西武ライオンズ
日比谷線・霞ケ関,富士通,阪神タイガース
内幸町,Apple,西武ライオンズ
内幸町,東芝,巨人
内幸町,富士通,Yomiuri Giants
霞ヶ関,TOSHIBA,中日
HIBIYA,パナソニック,東京ヤクルトスワローズ
霞ヶ関（千代田線）,Panasonic,中日ドラゴンズ
霞ケ関,ＴＯＳＨＩＢＡ,巨人
新橋,東芝,中日ドラゴンズ
内幸町,Windows/Mac,阪神タイガース
霞ヶ関駅,パナソニック,中日ドラゴンズ
霞ヶ関,パナソニック,中日ドラゴンズ
内幸町,東芝,阪神タイガース
内幸町,ＮＥＣ,ジャイアンツ
霞ヶ関（千代田線）,パナソニック,西武ライオンズ
霞ケ関,ＮＥＣ,巨人
内幸町,パナソニック,Yomiuri Giants
HIBIYA,東芝,巨人
内幸町駅,富士通,中日
新橋,東芝,巨人
内幸町,東芝,東京ヤクルトスワローズ
HIBIYA,TOSHIBA,東京ヤクルトスワローズ
霞ヶ関駅,panasonic,オリックス
日比谷,パナソニック,中日ドラゴンズ
新橋,ＮＥＣ,中日
HIBIYA,Apple,ロッテ
内幸町,panasonic,巨人
新橋駅,パナソニック,東京ヤクルトスワローズ
新橋駅,東芝,ヤクルトスワローズ
新橋駅,Apple,広島
Kasumigaseki,東芝,巨人
日比谷,Windows/Mac,ヤクルトスワローズ
内幸町,東芝,オリックス
内幸町駅,東芝,ロッテ
内幸町,富士通,巨人
内幸町,Panasonic,中日
霞ヶ関,Panasonic,ジャイアンツ
霞ケ関,Apple,中日ドラゴンズ
内幸町,パナソニック,Hanshin
内幸町,ＴＯＳＨＩＢＡ,ソフトバンク
日比谷線・霞ケ関,Panasonic,オリックス
Kasumigaseki,東芝,オリックス・バファローズ
霞ヶ関,Apple,阪神タイガース
霞ケ関,apple,中日ドラゴンズ
霞ヶ関,Apple,ヤクルト
霞ヶ関駅,apple,巨人
内幸町,Apple,中日
内幸町,Apple,東京ヤクルトスワローズ
Kasumigaseki,アップル,オリックス・バファローズ
霞ヶ関,東芝,オリックス・バファローズ
霞ケ関,パナソニック,阪神タイガース
霞ヶ関,Apple,広島
Kasumigaseki,東芝,オリックス
内幸町駅,panasonic,ロッテ
霞が関,富士通,巨人
霞が関,Apple,楽天
霞ヶ関駅,Apple,ジャイアンツ
内幸町,東芝,阪神タイガース
内幸町,パナソニック,広島
霞ケ関,Windows/Mac,阪神タイガース
新橋,パナソニック,ヤクルト
新橋駅,パナソニック,阪神タイガース
内幸町駅,Windows/Mac,横浜ベイスターズ
Kasumigaseki,apple,Hanshin
内幸町,ＴＯＳＨＩＢＡ,巨人
内幸町,Windows/Mac,中日ドラゴンズ
新橋,パナソニック,巨人
霞ケ関,アップル,オリックス・バファローズ
霞ケ関,Apple,巨人
霞ヶ関駅,パナソニック,巨人
HIBIYA,パナソニック,Hanshin
霞ケ関,東芝,中日
内幸町,ＮＥＣ,ジャイアンツ
新橋,東芝,オリックス・バファローズ
霞ヶ関,パナソニック,東京ヤクルトスワローズ
内幸町,パナソニック,阪神タイガース
霞ケ関,東芝,Hanshin
霞ケ関,apple,中日ドラゴンズ
内幸町,panasonic,巨人
霞ケ関,panasonic,Hanshin
HIBIYA,Apple,ジャイアンツ
内幸町,パナソニック,巨人
Kasumigaseki,ＮＥＣ,巨人
日比谷,東芝,中日ドラゴンズ
内幸町,パナソニック,ソフトバンク
日比谷線・霞ケ関,パナソニック,広島
新橋,apple,巨人
内幸町駅,パナソニック,横浜ベイスターズ
Kasumigaseki,東芝,中日
霞ケ関,Panasonic,広島
新橋,apple,Yomiuri Giants
内幸町,パナソニック,Yomiuri Giants
内幸町,東芝,西武ライオンズ
内幸町,東芝,Yomiuri Giants
霞ヶ関（千代田線）,Windows/Mac,横浜ベイスターズ
霞ヶ関,TOSHIBA,東京ヤクルトスワローズ
内幸町,パナソニック,オリックス
内幸町,Apple,中日
内幸町,Panasonic,巨人
霞ヶ関,panasonic,中日
内幸町駅,Apple,中日ドラゴンズ
霞ケ関,ＮＥＣ,巨人
日比谷線・霞ケ関,ＴＯＳＨＩＢＡ,中日
霞ヶ関駅,パナソニック,中日ドラゴンズ
霞ケ関,ＮＥＣ,ヤクルト
霞ヶ関（千代田線）,パナソニック,阪神タイガース
内幸町,パナソニック,西武ライオンズ
霞ヶ関,富士通,西武ライオンズ
HIBIYA,東芝,広島
内幸町,パナソニック,中日ドラゴンズ
内幸町,Apple,巨人
新橋,Apple,巨人
霞ケ関,パナソニック,楽天
内幸町駅,東芝,巨人
霞ヶ関,ＴＯＳＨＩＢＡ,オリックス
内幸町駅,Panasonic,中日
内幸町,パナソニック,横浜ベイスターズ
新橋駅,ＴＯＳＨＩＢＡ,ロッテ
霞ヶ関,panasonic,Hanshin
霞ヶ関,東芝,巨人
霞ケ関,パナソニック,ジャイアンツ
内幸町,Apple,巨人
日比谷,東芝,巨人
内幸町,apple,巨人
Kasumigaseki,パナソニック,ロッテ
内幸町,パナソニック,中日
Kasumigaseki,アップル,東京ヤクルトスワローズ
新橋,東芝,巨人
日比谷線・霞ケ関,パナソニック,オリックス
霞ヶ関駅,Panasonic,ジャイアンツ
内幸町,Panasonic,西武ライオンズ
霞ヶ関（千代田線）,ＮＥＣ,阪神タイガース
霞ケ関,パナソニック,オリックス
内幸町,東芝,巨人
霞ヶ関,パナソニック,Yomiuri Giants
内幸町,ＮＥＣ,巨人
霞ケ関,apple,中日ドラゴンズ
霞ケ関,apple,中日
霞ケ関,パナソニック,巨人
霞が関,パナソニック,巨人
霞ヶ関駅,Apple,巨人
内幸町,Panasonic,中日ドラゴンズ
日比谷線・霞ケ関,apple,西武ライオンズ
内幸町,Panasonic,巨人
新橋駅,パナソニック,中日ドラゴンズ
霞ヶ関駅,Apple,東京ヤクルトスワローズ
霞ヶ関,東芝,オリックス
霞ヶ関（千代田線）,apple,中日
HIBIYA,東芝,広島
新橋,ｈｐ,西武ライオンズ
内幸町,アップル,東京ヤクルトスワローズ
霞ケ関,パナソニック,オリックス
霞ケ関,panasonic,東京ヤクルトスワローズ
内幸町駅,ＴＯＳＨＩＢＡ,ヤクルト
霞が関,パナソニック,西武ライオンズ
霞ヶ関,東芝,ヤクルト
霞が関,パナソニック,ソフトバンク
新橋駅,東芝,オリックス・バファローズ
HIBIYA,パナソニック,ジャイアンツ
新橋,パナソニック,オリックス
新橋,パナソニック,広島
内幸町,Apple,東京ヤクルトスワローズ
霞ヶ関,富士通,西武ライオンズ
新橋駅,ＴＯＳＨＩＢＡ,横浜ベイスターズ
霞ケ関,panasonic,楽天
日比谷線・霞ケ関,パナソニック,巨人
内幸町,ＮＥＣ,楽天
霞ヶ関駅,東芝,巨人
内幸町,Windows/Mac,巨人
霞が関,Windows/Mac,ソフトバンク
霞ヶ関,富士通,巨人
霞が関,東芝,ヤクルトスワローズ
内幸町,富士通,ロッテ
霞ヶ関（千代田線）,富士通,巨人
新橋,パナソニック,ソフトバンク
HIBIYA,TOSHIBA,中日
霞ヶ関,Apple,ジャイアンツ
霞ケ関,Windows/Mac,阪神タイガース
内幸町駅,Apple,ロッテ
日比谷,パナソニック,オリックス・バファローズ
霞ヶ関（千代田線）,ＴＯＳＨＩＢＡ,ロッテ
内幸町,東芝,広島
霞ヶ関,apple,楽天
日比谷,Windows/Mac,楽天
霞ヶ関駅,Apple,ヤクルトスワローズ
霞ヶ関駅,東芝,巨人
霞ケ関,apple,ジャイアンツ
内幸町,パナソニック,中日
霞ヶ関,東芝,巨人
内幸町,Apple,オリックス
霞ヶ関駅,ｈｐ,ジャイアンツ
新橋駅,Apple,横浜ベイスターズ
内幸町,パナソニック,ジャイアンツ
霞ヶ関,Panasonic,ヤクルトスワローズ
霞ヶ関（千代田線）,apple,Yomiuri Giants
新橋駅,Apple,ロッテ
Kasumigaseki,panasonic,巨人
内幸町,パナソニック,中日
HIBIYA,東芝,ヤクルト
内幸町,ｈｐ,広島
霞ヶ関（千代田線）,TOSHIBA,巨人
内幸町駅,Panasonic,Yomiuri Giants
内幸町,ＴＯＳＨＩＢＡ,ジャイアンツ
霞が関,Windows/Mac,ソフトバンク
新橋,Panasonic,ソフトバンク
霞ケ関,パナソニック,ロッテ
新橋,Apple,ソフトバンク
内幸町,パナソニック,巨人
新橋,東芝,阪神タイガース
霞ケ関,パナソニック,ヤクルト
霞ケ関,panasonic,ジャイアンツ
内幸町,パナソニック,Hanshin
霞ヶ関駅,ＴＯＳＨＩＢＡ,巨人
Kasumigaseki,ｈｐ,ヤクルト
霞ヶ関,東芝,中日
霞ヶ関（千代田線）,apple,阪神タイガース
霞ヶ関,ＴＯＳＨＩＢＡ,巨人
霞ケ関,富士通,横浜ベイスターズ
霞ヶ関,パナソニック,ヤクルトスワローズ
新橋,パナソニック,中日ドラゴンズ
内幸町,東芝,楽天
日比谷線・霞ケ関,東芝,楽天
新橋駅,Apple,阪神タイガース
霞ヶ関,apple,ヤクルトスワローズ
新橋,apple,ジャイアンツ
内幸町,パナソニック,オリックス
内幸町,Apple,ジャイアンツ
新橋,東芝,オリックス
霞ケ関,ＴＯＳＨＩＢＡ,中日ドラゴンズ
内幸町,パナソニック,オリックス
内幸町,ＴＯＳＨＩＢＡ,ロッテ
日比谷線・霞ケ関,Apple,巨人
内幸町,東芝,オリックス・バファローズ
日比谷線・霞ケ関,パナソニック,ジャイアンツ
内幸町,ＴＯＳＨＩＢＡ,Hanshin
霞ケ関,TOSHIBA,ロッテ
内幸町,パナソニック,中日ドラゴンズ
内幸町,apple,巨人
内幸町,東芝,中日ドラゴンズ
内幸町,パナソニック,巨人
内幸町,パナソニック,阪神タイガース
内幸町,apple,広島
霞ヶ関,ｈｐ,広島
新橋,Apple,中日ドラゴンズ
Kasumigaseki,panasonic,巨人
霞ヶ関（千代田線）,Windows/Mac,ロッテ
霞ヶ関,東芝,広島
新橋駅,富士通,巨人
内幸町,Apple,楽天
日比谷線・霞ケ関,ＮＥＣ,ロッテ
霞ヶ関,Panasonic,Hanshin
新橋駅,TOSHIBA,広島
霞ヶ関（千代田線）,Windows/Mac,広島
霞ヶ関,ｈｐ,巨人
HIBIYA,ＴＯＳＨＩＢＡ,巨人
内幸町,Apple,巨人
霞ヶ関駅,パナソニック,ソフトバンク
霞ヶ関駅,東芝,東京ヤクルトスワローズ
内幸町,富士通,ソフトバンク
霞ケ関,パナソニック,巨人
日比谷線・霞ケ関,Panasonic,オリックス
霞ヶ関駅,Apple,阪神タイガース
内幸町,TOSHIBA,阪神タイガース
新橋,東芝,巨人
HIBIYA,ＴＯＳＨＩＢＡ,Yomiuri Giants
新橋駅,パナソニック,楽天
Kasumigaseki,東芝,楽天
霞ヶ関,パナソニック,オリックス
内幸町,パナソニック,オリックス
新橋駅,パナソニック,オリックス
日比谷,パナソニック,ソフトバンク
日比谷,panasonic,阪神タイガース
霞ヶ関駅,Apple,阪神タイガース
霞ヶ関,Apple,Yomiuri Giants
内幸町,東芝,ヤクルト
日比谷,Apple,中日
霞ケ関,パナソニック,横浜ベイスターズ
霞ヶ関駅,panasonic,東京ヤクルトスワローズ
霞ケ関,東芝,阪神タイガース
新橋,apple,Hanshin
内幸町,Windows/Mac,阪神タイガース
HIBIYA,Apple,西武ライオンズ
内幸町,アップル,巨人
内幸町,東芝,楽天
新橋駅,Apple,横浜ベイスターズ
新橋,東芝,巨人
新橋,東芝,阪神タイガース
霞ケ関,パナソニック,ヤクルト
霞が関,富士通,ヤクルト
内幸町,Apple,横浜ベイスターズ
日比谷線・霞ケ関,ＮＥＣ,ソフトバンク
霞が関,アップル,オリックス・バファローズ
霞ヶ関,アップル,オリックス・バファローズ
新橋,東芝,中日
内幸町,ｈｐ,ヤクルト
内幸町,東芝,巨人
霞ヶ関（千代田線）,Windows/Mac,巨人
霞ヶ関（千代田線）,panasonic,オリックス・バファローズ
霞ケ関,パナソニック,ジャイアンツ
HIBIYA,富士通,ジャイアンツ
新橋,Windows/Mac,巨人
HIBIYA,パナソニック,ソフトバンク
HIBIYA,apple,ジャイアンツ
霞ヶ関,富士通,オリックス
内幸町,パナソニック,巨人
霞ヶ関,apple,阪神タイガース
新橋駅,Apple,Hanshin
内幸町,パナソニック,巨人
霞ケ関,ＮＥＣ,横浜ベイスターズ
霞ヶ関,apple,楽天
霞ヶ関,Apple,中日ドラゴンズ
内幸町,パナソニック,阪神タイガース
内幸町,パナソニック,阪神タイガース
新橋,ＴＯＳＨＩＢＡ,巨人
内幸町,東芝,巨人
日比谷,パナソニック,ジャイアンツ
内幸町,panasonic,広島
内幸町,apple,ソフトバンク
霞ケ関,apple,阪神タイガース
新橋,apple,オリックス
日比谷,Panasonic,Hanshin
内幸町,apple,中日ドラゴンズ
内幸町,パナソニック,中日ドラゴンズ
内幸町駅,Apple,オリックス・バファローズ
内幸町駅,パナソニック,ソフトバンク
霞ヶ関駅,ｈｐ,阪神タイガース
霞ヶ関,Apple,ジャイアンツ
HIBIYA,Apple,阪神タイガース
霞ヶ関,Apple,広島
霞ヶ関（千代田線）,ｈｐ,西武ライオンズ
日比谷,パナソニック,中日
Kasumigaseki,ＴＯＳＨＩＢＡ,巨人
霞ヶ関,ｈｐ,オリックス
内幸町駅,panasonic,Yomiuri Giants
日比谷,東芝,巨人
HIBIYA,Panasonic,広島
内幸町,パナソニック,巨人
新橋駅,パナソニック,Yomiuri Giants
内幸町駅,Apple,横浜ベイスターズ
HIBIYA,ＮＥＣ,巨人
内幸町,Apple,楽天
内幸町,富士通,中日ドラゴンズ
新橋駅,panasonic,オリックス
霞ケ関,東芝,巨人
霞ヶ関,パナソニック,横浜ベイスターズ
霞ヶ関,アップル,ロッテ
新橋,Panasonic,ロッテ
新橋,apple,楽天
内幸町,Apple,ジャイアンツ
霞ヶ関,アップル,西武ライオンズ
日比谷,パナソニック,横浜ベイスターズ
霞ヶ関,Panasonic,巨人
内幸町,パナソニック,Hanshin
内幸町,apple,阪神タイガース
霞ヶ関駅,パナソニック,巨人
霞ヶ関,パナソニック,ヤクルトスワローズ
霞ヶ関駅,Apple,中日
日比谷,ｈｐ,東京ヤクルトスワローズ
Kasumigaseki,apple,ロッテ
日比谷線・霞ケ関,Panasonic,オリックス・バファローズ
霞ケ関,Panasonic,横浜ベイスターズ
霞ケ関,Apple,中日ドラゴンズ
内幸町,東芝,楽天
Kasumigaseki,アップル,ロッテ
内幸町駅,パナソニック,中日
霞ケ関,ｈｐ,楽天
Kasumigaseki,apple,Hanshin
内幸町,東芝,横浜ベイスターズ
霞ケ関,パナソニック,阪神タイガース
日比谷,Apple,広島
霞ヶ関,パナソニック,中日ドラゴンズ
新橋,ＴＯＳＨＩＢＡ,Hanshin
新橋,Apple,ヤクルト
霞ヶ関,Windows/Mac,楽天
霞が関,パナソニック,ソフトバンク
霞ヶ関,panasonic,オリックス・バファローズ
霞ケ関,apple,中日ドラゴンズ
霞ヶ関駅,TOSHIBA,Hanshin
新橋,ＮＥＣ,広島
霞が関,Panasonic,オリックス
内幸町駅,Apple,広島
霞ヶ関駅,apple,Hanshin
霞ケ関,東芝,ヤクルト
内幸町駅,ＴＯＳＨＩＢＡ,中日ドラゴンズ
霞ヶ関,Apple,西武ライオンズ
日比谷線・霞ケ関,ＮＥＣ,Hanshin
新橋,富士通,巨人
霞ケ関,apple,横浜ベイスターズ
日比谷,ＮＥＣ,巨人
内幸町駅,東芝,中日ドラゴンズ
新橋駅,パナソニック,ジャイアンツ
内幸町,Windows/Mac,広島
新橋,apple,オリックス
霞ケ関,Apple,ジャイアンツ
霞ヶ関駅,パナソニック,オリックス・バファローズ
内幸町駅,パナソニック,広島
霞ケ関,Apple,ロッテ
内幸町駅,ＴＯＳＨＩＢＡ,西武ライオンズ
Kasumigaseki,パナソニック,巨人
霞ヶ関（千代田線）,Panasonic,巨人
HIBIYA,Apple,ロッテ
霞ケ関,富士通,巨人
新橋,TOSHIBA,Yomiuri Giants
内幸町,Apple,中日ドラゴンズ
新橋駅,アップル,ヤクルト
新橋,パナソニック,オリックス
霞ケ関,apple,ロッテ
日比谷線・霞ケ関,パナソニック,オリックス・バファローズ
内幸町,Windows/Mac,阪神タイガース
霞ヶ関,東芝,オリックス
新橋,Apple,ソフトバンク
新橋,apple,Hanshin
内幸町,富士通,巨人
内幸町,富士通,巨人
内幸町,富士通,ロッテ
霞ヶ関,Windows/Mac,東京ヤクルトスワローズ
霞が関,パナソニック,阪神タイガース
日比谷線・霞ケ関,TOSHIBA,巨人
霞ヶ関,パナソニック,巨人
新橋駅,パナソニック,ジャイアンツ
霞ヶ関,パナソニック,阪神タイガース
HIBIYA,富士通,ヤクルトスワローズ
霞ケ関,Apple,ソフトバンク
霞ケ関,Panasonic,中日ドラゴンズ
内幸町,apple,オリックス
内幸町,パナソニック,オリックス
霞ケ関,apple,阪神タイガース
内幸町,富士通,巨人
霞ヶ関,Panasonic,巨人
霞ケ関,Windows/Mac,ヤクルト
日比谷,TOSHIBA,ヤクルト
霞ヶ関駅,ＴＯＳＨＩＢＡ,阪神タイガース
Kasumigaseki,パナソニック,中日ドラゴンズ
内幸町,Apple,阪神タイガース
内幸町,Panasonic,中日ドラゴンズ
内幸町駅,Apple,ソフトバンク
霞ヶ関,パナソニック,巨人
霞ヶ関駅,アップル,中日ドラゴンズ
内幸町,panasonic,広島
日比谷線・霞ケ関,東芝,Yomiuri Giants
霞ケ関,apple,Hanshin
霞ヶ関駅,富士通,Yomiuri Giants
新橋,TOSHIBA,Hanshin
内幸町,Apple,オリックス
霞ヶ関,アップル,東京ヤクルトスワローズ
霞ヶ関,Apple,横浜ベイスターズ
日比谷,富士通,東京ヤクルトスワローズ
内幸町,東芝,中日ドラゴンズ
日比谷,ＴＯＳＨＩＢＡ,東京ヤクルトスワローズ
霞ケ関,Apple,巨人
霞ヶ関,ＴＯＳＨＩＢＡ,中日
新橋駅,パナソニック,中日ドラゴンズ
霞ヶ関,Apple,オリックス・バファローズ
霞ヶ関駅,富士通,ロッテ
新橋,panasonic,中日ドラゴンズ
内幸町,アップル,ヤクルト
Kasumigaseki,Apple,Yomiuri Giants
霞ヶ関,Apple,中日ドラゴンズ
霞ヶ関,富士通,ヤクルト
新橋,Panasonic,ヤクルトスワローズ
Kasumigaseki,Windows/Mac,巨人
新橋,東芝,ロッテ
内幸町,Apple,巨人
Kasumigaseki,Apple,Hanshin
内幸町駅,TOSHIBA,ロッテ
内幸町,ＮＥＣ,阪神タイガース
霞ヶ関,富士通,ヤクルト
内幸町,東芝,Yomiuri Giants
新橋,パナソニック,ソフトバンク
内幸町,ＮＥＣ,オリックス
内幸町,東芝,ジャイアンツ
霞ケ関,ＴＯＳＨＩＢＡ,ヤクルト
日比谷線・霞ケ関,東芝,巨人
内幸町駅,TOSHIBA,Hanshin
内幸町,Apple,巨人
Kasumigaseki,ＮＥＣ,西武ライオンズ
霞ヶ関駅,ＮＥＣ,巨人
内幸町,富士通,広島
内幸町,Windows/Mac,広島
霞ヶ関駅,TOSHIBA,巨人
霞ヶ関,TOSHIBA,中日ドラゴンズ
霞ヶ関駅,富士通,オリックス
内幸町,富士通,巨人
霞ケ関,パナソニック,オリックス・バファローズ
日比谷線・霞ケ関,パナソニック,巨人
内幸町駅,東芝,ヤクルト
日比谷,パナソニック,ヤクルト
新橋,東芝,阪神タイガース
霞ヶ関,TOSHIBA,巨人
霞ケ関,ＮＥＣ,Yomiuri Giants
内幸町,富士通,巨人
内幸町,ＮＥＣ,Hanshin
新橋駅,東芝,巨人
内幸町,富士通,ジャイアンツ
内幸町,東芝,Hanshin
霞ヶ関,パナソニック,東京ヤクルトスワローズ
霞ヶ関,TOSHIBA,ヤクルト
日比谷線・霞ケ関,東芝,楽天
霞ケ関,パナソニック,阪神タイガース
内幸町,ｈｐ,巨人
内幸町,Windows/Mac,東京ヤクルトスワローズ
内幸町,パナソニック,東京ヤクルトスワローズ
霞ケ関,Windows/Mac,阪神タイガース
内幸町,アップル,楽天
霞ヶ関駅,東芝,ジャイアンツ
霞ヶ関駅,ｈｐ,巨人
日比谷,富士通,ソフトバンク
新橋駅,東芝,阪神タイガース
HIBIYA,東芝,阪神タイガース
日比谷線・霞ケ関,パナソニック,オリックス・バファローズ
Kasumigaseki,富士通,阪神タイガース
HIBIYA,Apple,中日
霞ヶ関,ＴＯＳＨＩＢＡ,ヤクルト
内幸町,apple,ジャイアンツ
Kasumigaseki,東芝,Hanshin
新橋駅,富士通,ヤクルトスワローズ
内幸町,パナソニック,オリックス・バファローズ
内幸町,ｈｐ,中日ドラゴンズ
日比谷線・霞ケ関,ＮＥＣ,中日ドラゴンズ
新橋,Apple,オリックス
霞ヶ関駅,東芝,中日ドラゴンズ
Kasumigaseki,パナソニック,広島
内幸町,panasonic,オリックス
霞ヶ関駅,Apple,広島
霞ケ関,東芝,巨人
内幸町,パナソニック,Yomiuri Giants
内幸町,富士通,Yomiuri Giants
霞ヶ関（千代田線）,panasonic,ソフトバンク
日比谷線・霞ケ関,Apple,ソフトバンク
内幸町,Apple,中日
霞ヶ関,ＮＥＣ,巨人
霞ケ関,Panasonic,オリックス
霞ヶ関（千代田線）,apple,巨人
新橋駅,パナソニック,中日ドラゴンズ
霞ケ関,panasonic,東京ヤクルトスワローズ
霞ケ関,ＮＥＣ,オリックス
新橋,パナソニック,巨人
新橋,富士通,オリックス
内幸町駅,apple,巨人
霞が関,東芝,巨人
霞ヶ関,パナソニック,西武ライオンズ
霞ヶ関,Apple,オリックス・バファローズ
内幸町,パナソニック,阪神タイガース
霞ヶ関,パナソニック,西武ライオンズ
霞が関,apple,横浜ベイスターズ
霞ケ関,パナソニック,Yomiuri Giants
霞ヶ関,panasonic,西武ライオンズ
新橋,TOSHIBA,阪神タイガース
霞ヶ関,東芝,楽天
内幸町,パナソニック,阪神タイガース
新橋駅,東芝,広島
内幸町,富士通,巨人
霞ヶ関（千代田線）,富士通,中日ドラゴンズ
霞ヶ関,富士通,Yomiuri Giants
内幸町駅,アップル,中日ドラゴンズ
霞ヶ関,Panasonic,Hanshin
内幸町,Apple,東京ヤクルトスワローズ
霞ヶ関,パナソニック,Yomiuri Giants
霞ヶ関,panasonic,阪神タイガース
日比谷,Windows/Mac,ヤクルト
HIBIYA,Apple,Yomiuri Giants
内幸町駅,東芝,巨人
新橋,Apple,中日
新橋,パナソニック,西武ライオンズ
霞ヶ関駅,東芝,巨人
霞ヶ関駅,Apple,巨人
日比谷線・霞ケ関,Apple,ソフトバンク
HIBIYA,東芝,中日ドラゴンズ
霞ヶ関,東芝,巨人
HIBIYA,アップル,阪神タイガース
日比谷,apple,Yomiuri Giants
霞ヶ関駅,Apple,阪神タイガース
霞ケ関,ＮＥＣ,阪神タイガース
霞ヶ関駅,apple,阪神タイガース
霞ヶ関,パナソニック,オリックス・バファローズ
内幸町駅,ｈｐ,阪神タイガース
新橋駅,富士通,中日ドラゴンズ
新橋駅,apple,阪神タイガース
霞ヶ関駅,panasonic,広島
日比谷,ＮＥＣ,西武ライオンズ
霞ヶ関,パナソニック,巨人
内幸町,東芝,広島
新橋,富士通,中日
霞ケ関,パナソニック,阪神タイガース
霞ヶ関,東芝,阪神タイガース
内幸町,Apple,巨人
内幸町,apple,横浜ベイスターズ
内幸町,パナソニック,横浜ベイスターズ
霞ヶ関駅,ＴＯＳＨＩＢＡ,中日
霞ヶ関,Windows/Mac,広島
霞ケ関,Apple,中日ドラゴンズ
霞ケ関,東芝,ロッテ
内幸町,ＴＯＳＨＩＢＡ,巨人
霞ヶ関,東芝,阪神タイガース
内幸町,パナソニック,中日ドラゴンズ
HIBIYA,Apple,中日ドラゴンズ
新橋,東芝,巨人
新橋駅,Apple,巨人
内幸町駅,ＮＥＣ,Hanshin
霞ヶ関駅,panasonic,ヤクルトスワローズ
霞ヶ関（千代田線）,東芝,広島
霞ヶ関,富士通,巨人
霞ケ関,apple,広島
霞が関,ｈｐ,Hanshin
霞ケ関,東芝,中日ドラゴンズ
霞ヶ関,ＮＥＣ,Yomiuri Giants
霞が関,東芝,阪神タイガース
日比谷線・霞ケ関,パナソニック,中日ドラゴンズ
霞ケ関,Windows/Mac,巨人
霞ヶ関駅,panasonic,西武ライオンズ
内幸町駅,アップル,中日ドラゴンズ
霞ヶ関（千代田線）,panasonic,オリックス
新橋駅,Windows/Mac,西武ライオンズ
日比谷,パナソニック,中日ドラゴンズ
霞が関,パナソニック,ヤクルトスワローズ
新橋,apple,阪神タイガース
日比谷線・霞ケ関,アップル,広島
霞が関,パナソニック,西武ライオンズ
霞ヶ関,Panasonic,阪神タイガース
霞ヶ関,Apple,巨人
内幸町,東芝,Yomiuri Giants
霞ヶ関駅,富士通,西武ライオンズ
内幸町,東芝,西武ライオンズ
内幸町,パナソニック,東京ヤクルトスワローズ
内幸町,ＮＥＣ,阪神タイガース
新橋駅,Apple,ジャイアンツ
日比谷,TOSHIBA,Yomiuri Giants
内幸町駅,東芝,阪神タイガース
内幸町,ｈｐ,巨人
霞ヶ関駅,Apple,阪神タイガース
霞ヶ関駅,ＴＯＳＨＩＢＡ,巨人
霞ケ関,Apple,ヤクルトスワローズ
霞ヶ関（千代田線）,東芝,ジャイアンツ
霞ケ関,パナソニック,楽天
霞ヶ関駅,富士通,ジャイアンツ
霞ヶ関,パナソニック,中日ドラゴンズ
内幸町,ｈｐ,ヤクルトスワローズ
新橋駅,panasonic,中日ドラゴンズ
霞ヶ関駅,東芝,巨人
新橋,パナソニック,Yomiuri Giants
霞ヶ関,パナソニック,阪神タイガース
内幸町,Apple,巨人
霞が関,パナソニック,広島
内幸町,富士通,巨人
霞ヶ関,富士通,ジャイアンツ
内幸町,apple,ジャイアンツ
HIBIYA,panasonic,巨人
内幸町駅,富士通,中日ドラゴンズ
新橋駅,ＴＯＳＨＩＢＡ,中日
日比谷,Apple,西武ライオンズ
Kasumigaseki,Apple,オリックス・バファローズ
内幸町駅,Apple,広島
内幸町,apple,ソフトバンク
日比谷線・霞ケ関,Panasonic,中日
日比谷,apple,中日ドラゴンズ
内幸町,パナソニック,オリックス
霞ヶ関駅,Apple,Hanshin
HIBIYA,パナソニック,Yomiuri Giants
内幸町,Apple,ヤクルト
霞ヶ関駅,Apple,中日
Kasumigaseki,富士通,オリックス・バファローズ
霞ケ関,Apple,ソフトバンク
内幸町,Apple,横浜ベイスターズ
内幸町駅,apple,中日ドラゴンズ
霞ヶ関,パナソニック,ジャイアンツ
霞ケ関,Panasonic,西武ライオンズ
新橋,Apple,ジャイアンツ
霞ヶ関（千代田線）,パナソニック,中日ドラゴンズ
日比谷,ＴＯＳＨＩＢＡ,Hanshin
内幸町,panasonic,巨人
霞ケ関,Apple,東京ヤクルトスワローズ
霞ヶ関,パナソニック,楽天
HIBIYA,パナソニック,ジャイアンツ
新橋,東芝,西武ライオンズ
内幸町,富士通,東京ヤクルトスワローズ
新橋,パナソニック,ヤクルト
霞ケ関,panasonic,阪神タイガース
霞ヶ関,パナソニック,巨人
霞ヶ関駅,Apple,巨人
新橋,東芝,西武ライオンズ
内幸町駅,Apple,オリックス・バファローズ
内幸町,パナソニック,東京ヤクルトスワローズ
内幸町駅,TOSHIBA,Yomiuri Giants
霞ヶ関駅,Apple,オリックス・バファローズ
霞ヶ関,パナソニック,中日ドラゴンズ
Kasumigaseki,TOSHIBA,楽天
Kasumigaseki,apple,巨人
霞ヶ関駅,apple,ヤクルトスワローズ
日比谷,パナソニック,阪神タイガース
新橋駅,Apple,ロッテ
内幸町駅,東芝,ヤクルト
霞ケ関,Apple,中日
内幸町,アップル,巨人
内幸町,東芝,オリックス・バファローズ
Kasumigaseki,東芝,Hanshin
HIBIYA,東芝,中日ドラゴンズ
霞ヶ関,富士通,ロッテ
霞ヶ関（千代田線）,ｈｐ,阪神タイガース
日比谷,TOSHIBA,西武ライオンズ
内幸町,TOSHIBA,巨人
Kasumigaseki,東芝,巨人
霞ケ関,パナソニック,東京ヤクルトスワローズ
霞ヶ関,富士通,巨人
内幸町駅,Windows/Mac,横浜ベイスターズ
HIBIYA,ＮＥＣ,Hanshin
霞ケ関,パナソニック,東京ヤクルトスワローズ
霞ヶ関,パナソニック,巨人
霞ヶ関駅,東芝,巨人
霞ヶ関,apple,ヤクルトスワローズ
霞ヶ関駅,Panasonic,阪神タイガース
Kasumigaseki,アップル,巨人
霞ヶ関（千代田線）,パナソニック,横浜ベイスターズ
内幸町,Panasonic,Hanshin
霞ヶ関,panasonic,阪神タイガース
内幸町駅,パナソニック,中日ドラゴンズ
内幸町,Panasonic,ジャイアンツ
霞ケ関,富士通,横浜ベイスターズ
霞ケ関,apple,巨人
HIBIYA,パナソニック,巨人
霞ヶ関,apple,巨人
霞ヶ関駅,パナソニック,巨人
霞ヶ関,TOSHIBA,オリックス
霞ヶ関（千代田線）,パナソニック,横浜ベイスターズ
霞ケ関,パナソニック,巨人
霞ケ関,パナソニック,広島
霞ヶ関,東芝,巨人
霞ヶ関（千代田線）,Apple,ヤクルトスワローズ
霞ヶ関駅,panasonic,阪神タイガース
Kasumigaseki,パナソニック,Hanshin
内幸町駅,Panasonic,ロッテ
内幸町,Apple,Yomiuri Giants
霞ヶ関,パナソニック,阪神タイガース
内幸町,パナソニック,巨人
内幸町,パナソニック,阪神タイガース
霞ヶ関,apple,東京ヤクルトスワローズ
霞ヶ関駅,アップル,阪神タイガース
霞ヶ関（千代田線）,パナソニック,中日
内幸町,パナソニック,巨人
内幸町,富士通,ヤクルト
新橋,東芝,横浜ベイスターズ
霞ヶ関（千代田線）,apple,オリックス
新橋駅,TOSHIBA,ヤクルト
霞ヶ関駅,パナソニック,阪神タイガース
霞ヶ関,TOSHIBA,オリックス・バファローズ
新橋,富士通,オリックス・バファローズ
霞ヶ関,パナソニック,オリックス・バファローズ
内幸町,apple,広島
日比谷線・霞ケ関,Panasonic,オリックス・バファローズ
霞ケ関,富士通,楽天
霞ヶ関駅,ＴＯＳＨＩＢＡ,巨人
日比谷線・霞ケ関,ＮＥＣ,ヤクルト
HIBIYA,アップル,オリックス・バファローズ
新橋,Panasonic,ヤクルト
内幸町,Windows/Mac,東京ヤクルトスワローズ
新橋駅,Panasonic,ロッテ
霞ケ関,パナソニック,ロッテ
霞ケ関,Apple,巨人
内幸町,panasonic,ヤクルト
内幸町,富士通,巨人
日比谷,東芝,阪神タイガース
霞ヶ関駅,東芝,広島
霞ヶ関（千代田線）,Apple,巨人
霞ケ関,ｈｐ,ジャイアンツ
日比谷線・霞ケ関,パナソニック,中日ドラゴンズ
霞ヶ関,パナソニック,中日ドラゴンズ
日比谷,apple,Hanshin
霞ヶ関,パナソニック,ソフトバンク
内幸町,ＮＥＣ,広島
霞ヶ関,Apple,巨人
霞ヶ関（千代田線）,Apple,巨人
内幸町,TOSHIBA,中日ドラゴンズ
内幸町,ＴＯＳＨＩＢＡ,巨人
内幸町,ＮＥＣ,中日ドラゴンズ
霞ケ関,Apple,ヤクルト
霞ヶ関,apple,西武ライオンズ
霞ヶ関駅,パナソニック,東京ヤクルトスワローズ
霞ヶ関駅,Apple,東京ヤクルトスワローズ
霞ケ関,パナソニック,横浜ベイスターズ
新橋駅,ＴＯＳＨＩＢＡ,ジャイアンツ
霞ヶ関駅,Apple,広島
霞ケ関,パナソニック,ソフトバンク
霞ヶ関駅,東芝,ロッテ
霞ヶ関,ＮＥＣ,横浜ベイスターズ
日比谷,富士通,中日
新橋,apple,巨人
霞ヶ関駅,富士通,阪神タイガース
霞ケ関,Apple,中日ドラゴンズ
霞が関,apple,巨人
新橋,パナソニック,楽天
内幸町,パナソニック,阪神タイガース
霞ケ関,Apple,ジャイアンツ
内幸町,Windows/Mac,巨人
霞ヶ関,Apple,広島
HIBIYA,panasonic,Yomiuri Giants
霞ヶ関,apple,巨人
内幸町,Panasonic,中日
内幸町,アップル,ジャイアンツ
HIBIYA,ｈｐ,横浜ベイスターズ
霞ヶ関（千代田線）,パナソニック,ヤクルト
霞ヶ関駅,Apple,巨人
霞ヶ関,ＴＯＳＨＩＢＡ,巨人
内幸町駅,東芝,中日ドラゴンズ
霞ヶ関駅,パナソニック,中日ドラゴンズ
霞ヶ関,アップル,オリックス
日比谷,Apple,巨人
霞ヶ関,ｈｐ,西武ライオンズ
霞ケ関,東芝,西武ライオンズ
霞ヶ関駅,Apple,巨人
内幸町,Apple,ソフトバンク
内幸町,Apple,オリックス・バファローズ
霞ヶ関,Apple,巨人
霞ヶ関駅,パナソニック,巨人
霞ケ関,Apple,広島
内幸町,富士通,巨人
霞ケ関,東芝,横浜ベイスターズ
霞ヶ関（千代田線）,Apple,ロッテ
新橋,富士通,中日ドラゴンズ
霞ケ関,パナソニック,ロッテ
霞ケ関,ｈｐ,巨人
霞ケ関,富士通,中日ドラゴンズ
日比谷,アップル,ヤクルトスワローズ
内幸町,パナソニック,オリックス・バファローズ
内幸町駅,パナソニック,巨人
霞ヶ関,東芝,阪神タイガース
Kasumigaseki,Apple,東京ヤクルトスワローズ
日比谷線・霞ケ関,Apple,巨人
新橋駅,ｈｐ,巨人
新橋駅,富士通,巨人
HIBIYA,apple,楽天
HIBIYA,ＮＥＣ,巨人
HIBIYA,Apple,阪神タイガース
日比谷線・霞ケ関,apple,Yomiuri Giants
霞ケ関,Apple,阪神タイガース
霞ヶ関,Apple,ジャイアンツ
内幸町,パナソニック,西武ライオンズ
霞ケ関,パナソニック,中日ドラゴンズ
霞ヶ関（千代田線）,東芝,Yomiuri Giants
霞ヶ関,ＮＥＣ,巨人
内幸町,Apple,オリックス
日比谷線・霞ケ関,パナソニック,オリックス
霞ヶ関,Apple,ロッテ
霞ヶ関（千代田線）,富士通,巨人
霞ケ関,panasonic,巨人
内幸町駅,panasonic,オリックス
日比谷,ｈｐ,広島
霞ケ関,東芝,阪神タイガース
霞ヶ関,Apple,阪神タイガース
Kasumigaseki,パナソニック,阪神タイガース
霞ヶ関,Windows/Mac,Yomiuri Giants
霞が関,パナソニック,ジャイアンツ
内幸町,Apple,横浜ベイスターズ
霞ヶ関,パナソニック,西武ライオンズ
霞ヶ関,Apple,中日ドラゴンズ
霞ヶ関,Panasonic,ジャイアンツ
新橋,東芝,東京ヤクルトスワローズ
新橋,Panasonic,東京ヤクルトスワローズ
HIBIYA,富士通,ソフトバンク
霞ヶ関駅,パナソニック,巨人
霞ヶ関駅,apple,阪神タイガース
新橋,パナソニック,楽天
内幸町,apple,ヤクルト
霞ヶ関,アップル,Hanshin
日比谷,apple,巨人
内幸町駅,アップル,ソフトバンク
内幸町,Apple,オリックス
内幸町,パナソニック,ヤクルトスワローズ
内幸町,Windows/Mac,オリックス
新橋駅,パナソニック,ジャイアンツ
霞ケ関,Apple,西武ライオンズ
霞ヶ関（千代田線）,パナソニック,東京ヤクルトスワローズ
霞ヶ関,Windows/Mac,巨人
霞ケ関,Apple,ロッテ
Kasumigaseki,富士通,ヤクルトスワローズ
内幸町,Apple,ヤクルト
霞ヶ関,パナソニック,中日ドラゴンズ
内幸町,Apple,中日
Kasumigaseki,ＴＯＳＨＩＢＡ,中日ドラゴンズ
内幸町,富士通,巨人
新橋駅,apple,中日ドラゴンズ
霞ヶ関駅,Apple,阪神タイガース
霞ヶ関駅,Apple,巨人
新橋,富士通,巨人
霞が関,ｈｐ,楽天
霞ヶ関,東芝,阪神タイガース
新橋,ＮＥＣ,Yomiuri Giants
霞ヶ関,ＮＥＣ,巨人
新橋,パナソニック,巨人
霞ヶ関駅,パナソニック,楽天
HIBIYA,東芝,ロッテ
新橋,パナソニック,楽天
内幸町,Panasonic,Yomiuri Giants
新橋,TOSHIBA,巨人
霞ヶ関,Windows/Mac,中日ドラゴンズ
日比谷,Apple,ヤクルト
新橋,Panasonic,巨人
新橋,東芝,中日ドラゴンズ
霞ヶ関,東芝,巨人
内幸町駅,東芝,ヤクルト
内幸町,panasonic,オリックス・バファローズ
霞ケ関,パナソニック,ロッテ
霞ケ関,Windows/Mac,ヤクルト
新橋,パナソニック,巨人
霞ヶ関駅,ｈｐ,ヤクルトスワローズ
新橋,富士通,Hanshin
新橋,アップル,楽天
日比谷線・霞ケ関,panasonic,楽天
霞ケ関,富士通,阪神タイガース
霞が関,Apple,巨人
新橋,Apple,巨人
新橋,panasonic,オリックス
日比谷,東芝,中日
新橋駅,富士通,巨人
新橋,パナソニック,阪神タイガース
Kasumigaseki,富士通,巨人
霞ヶ関駅,東芝,オリックス・バファローズ
内幸町駅,東芝,阪神タイガース
日比谷線・霞ケ関,Panasonic,中日ドラゴンズ
霞ケ関,パナソニック,巨人
霞ヶ関駅,TOSHIBA,巨人
日比谷,Apple,中日ドラゴンズ
内幸町,東芝,阪神タイガース
霞が関,パナソニック,巨人
霞ヶ関,apple,ヤクルト
霞ヶ関,ｈｐ,楽天
日比谷線・霞ケ関,パナソニック,阪神タイガース
霞ヶ関駅,パナソニック,巨人
HIBIYA,富士通,ジャイアンツ
新橋,パナソニック,巨人
HIBIYA,東芝,ヤクルト
霞が関,東芝,オリックス・バファローズ
霞ケ関,パナソニック,巨人
新橋,ｈｐ,中日ドラゴンズ
霞ヶ関,富士通,巨人
新橋,パナソニック,西武ライオンズ
内幸町駅,東芝,ヤクルトスワローズ
霞ヶ関,Windows/Mac,ロッテ
霞ヶ関,Apple,巨人
内幸町駅,Apple,オリックス
霞が関,富士通,巨人
霞ヶ関駅,Windows/Mac,巨人
日比谷,apple,阪神タイガース
霞が関,panasonic,ヤクルト
霞ヶ関駅,apple,横浜ベイスターズ
Kasumigaseki,パナソニック,中日
霞ヶ関駅,富士通,ソフトバンク
霞ケ関,apple,ヤクルト
霞ケ関,Apple,巨人
内幸町,東芝,ヤクルトスワローズ
霞ケ関,TOSHIBA,広島
内幸町,apple,ロッテ
Kasumigaseki,東芝,オリックス・バファローズ
新橋駅,Apple,ジャイアンツ
霞ヶ関,TOSHIBA,阪神タイガース
内幸町,パナソニック,横浜ベイスターズ
内幸町駅,TOSHIBA,阪神タイガース
霞ケ関,パナソニック,Hanshin
霞ヶ関,東芝,Yomiuri Giants
霞ヶ関（千代田線）,Apple,ヤクルト
