canonical,alias
巨人,巨人
巨人,ジャイアンツ
巨人,読売巨人軍
阪神,阪神
阪神,阪神タイガース
阪神,トラ
中日,中日
中日,ドラゴンズ
ヤクルト,ヤクルト
ヤクルト,スワローズ
ヤクルト,東京ヤクルト
DeNA,DeNA
DeNA,ＤｅＮＡ
DeNA,ディーエヌエー
DeNA,横浜ベイスターズ
広島,広島
広島,カープ
広島,広島東洋カープ
日本ハム,日本ハム
日本ハム,北海道日本ハムファイターズ
日本ハム,ファイターズ
楽天,楽天
楽天,東北楽天ゴールデンイーグルス
楽天,イーグルス
ロッテ,ロッテ
ロッテ,千葉ロッテマリーンズ
ロッテ,マリーンズ
西武,西武
西武,ライオンズ
西武,埼玉西武ライオンズ
オリックス,オリックス
オリックス,オリックス・バファローズ
ソフトバンク,ソフトバンク
ソフトバンク,福岡ソフトバンクホークス
ソフトバンク,ホークス